song_id,group_id
1,27
3,97
12,19
24,14
30,14
31,14
35,42
37,14
38,14
46,14
57,14
61,14
64,14
70,14
71,14
73,14
76,14
76,173
78,14
80,14
84,14
89,14
94,14
106,14
109,14
121,97
147,621
155,172
155,338
169,618
172,102
184,3
184,245
186,3
186,245
187,3
187,245
242,231
252,275
295,352
341,163
343,23
345,257
348,14
352,163
432,24
457,25
465,503
466,107
491,29
499,29
520,317
579,231
606,486
611,19
612,19
613,19
614,67
615,67
616,67
617,19
618,19
661,25
762,158
786,266
802,205
818,104
855,238
868,51
881,476
894,314
895,314
898,314
910,617
911,656
918,562
918,463
936,16
953,119
955,119
960,119
1048,120
1051,120
1054,111
1063,165
1069,120
1108,111
1118,120
1132,92
1138,92
1140,165
1140,92
1207,526
1210,254
1212,192
1215,192
1216,254
1221,254
1222,255
1231,178
1267,28
1270,28
1322,490
1328,60
1329,415
1329,60
1349,180
1350,29
1351,510
1353,446
1355,446
1356,446
1371,143
1377,143
1382,143
1385,143
1475,3
1531,617
1543,192
1611,192
1638,192
1675,216
1676,216
1677,216
1678,216
1680,165
1694,111
1698,324
1706,463
1780,23
1869,440
1869,441
1870,551
1875,550
1891,202
1892,104
1919,31
1970,24
1978,552
1990,24
1993,24
1994,24
2007,24
2009,24
2012,24
2026,24
2040,24
2048,24
2052,24
2062,24
2067,24
2075,24
2082,24
2083,24
2084,24
2098,24
2101,24
2104,24
2108,143
2111,24
2119,24
2123,24
2142,94
2148,94
2159,207
2160,94
2172,94
2211,564
2221,564
2225,564
2280,564
2287,346
2341,67
2342,67
2345,67
2351,67
2353,67
2454,160
2477,21
2492,21
2540,525
2548,174
2557,28
2560,202
2561,187
2564,61
2565,174
2614,220
2615,233
2624,348
2627,251
2645,61
2645,559
2653,200
2655,200
2657,200
2658,200
2663,200
2664,200
2665,200
2666,200
2668,200
2669,39
2669,129
2682,24
2694,24
2696,24
2707,332
2708,556
2714,332
2716,332
2722,332
2747,67
2751,553
2763,437
2765,256
2802,28
2811,577
2820,104
2837,875
2838,875
2851,158
2852,158
2853,158
2854,158
2855,158
2856,158
2857,158
2863,124
2864,3
2864,245
2865,80
2867,80
2879,698
2885,203
2888,3
2888,245
2912,28
2921,540
2922,540
2932,546
2934,92
2937,89
2941,546
2943,92
2954,540
3006,90
3009,3
3009,245
3013,92
3014,540
3038,92
3061,39
3086,541
3090,504
3120,187
3154,15
3176,638
3177,638
3178,638
3179,638
3180,638
3181,638
3182,638
3183,638
3184,638
3185,638
3186,638
3187,638
3188,638
3189,638
3190,638
3191,638
3192,638
3220,112
3223,112
3230,112
3244,167
3253,71
3270,107
3287,717
3288,717
3290,2
3290,83
3294,310
3295,310
3296,310
3298,310
3333,390
3339,27
3347,97
3351,250
3351,97
3352,250
3352,97
3359,97
3361,97
3362,97
3368,97
3376,14
3377,466
3380,19
3382,19
3384,489
3388,19
3389,466
3390,19
3392,19
3394,466
3396,19
3397,19
3398,19
3400,19
3403,19
3404,19
3407,19
3412,19
3413,466
3482,116
3485,114
3488,114
3488,23
3492,21
3504,114
3512,114
3512,23
3520,3
3520,245
3529,23
3542,114
3544,114
3544,97
3551,114
3551,23
3555,3
3555,114
3555,97
3555,245
3560,114
3560,23
3561,114
3561,23
3562,114
3562,97
3563,3
3563,245
3570,114
3571,114
3571,23
3594,21
3605,192
3606,192
3607,102
3608,192
3609,192
3610,192
3614,14
3615,14
3620,25
3621,56
3628,3
3628,245
3631,113
3632,113
3729,67
3730,67
3737,348
3738,249
3739,249
3746,348
3746,228
3755,222
3756,224
3761,5
3766,5
3767,5
3771,5
3774,346
3774,462
3775,346
3775,462
3776,346
3776,462
3777,346
3778,346
3779,346
3780,346
3850,220
3867,420
3870,103
3907,644
3908,56
3909,31
3911,320
3913,144
3915,56
3916,56
3917,56
3921,56
3928,614
3937,56
3943,93
3950,167
3994,158
4018,156
4019,156
4027,158
4084,28
4094,29
4094,156
4105,596
4151,158
4163,156
4170,158
4173,159
4174,121
4175,158
4194,158
4205,23
4268,218
4269,218
4279,535
4357,30
4358,30
4473,27
4474,27
4475,27
4480,28
4486,28
4486,92
4491,200
4495,200
4503,92
4510,200
4510,92
4510,83
4516,200
4517,200
4523,28
4535,200
4580,352
4581,324
4616,639
4621,574
4622,173
4635,98
4695,15
4706,15
4715,15
4720,15
4727,51
4727,103
4745,15
4746,51
4765,463
4766,60
4794,547
4795,2
4804,256
4832,31
4838,455
4875,320
4876,320
4882,202
4885,203
4887,416
4889,19
4901,201
4901,193
4902,158
4903,202
4904,19
4905,19
4906,158
4907,158
4909,201
4909,202
4910,622
4959,117
4960,112
4971,112
4972,112
4973,107
4978,117
4978,734
4983,112
4984,112
4985,112
4987,112
4989,112
4993,112
5044,2
5117,83
5124,16
5138,103
5174,655
5175,15
5185,655
5211,317
5231,14
5236,14
5296,56
5300,453
5303,453
5314,476
5318,167
5368,14
5381,14
5382,14
5387,14
5397,14
5397,128
5398,163
5401,14
5402,14
5407,3
5407,245
5419,14
5424,113
5429,14
5430,14
5431,14
5441,14
5455,14
5457,14
5458,14
5461,14
5476,480
5514,5
5519,3
5519,245
5529,548
5531,430
5553,107
5554,107
5583,167
5585,167
5597,256
5641,256
5648,256
5686,256
5751,29
5752,3
5752,245
5753,29
5755,325
5756,325
5760,325
5761,325
5762,325
5763,325
5764,325
5765,325
5790,309
5818,297
5819,297
5820,297
5822,38
5823,38
5823,546
5825,38
5827,38
5828,38
5831,38
5836,38
5838,38
5840,604
5841,38
5842,38
5846,38
5852,38
5853,38
5859,38
5861,38
5865,38
5868,38
5870,38
5888,600
5906,267
5908,267
5931,451
5961,168
5985,114
5985,125
5989,2
5999,168
6028,60
6042,114
6042,125
6050,2
6104,105
6201,235
6219,469
6222,208
6235,92
6266,825
6284,549
6294,549
6303,104
6313,11
6337,348
6339,580
6339,67
6340,67
6342,348
6344,520
6345,67
6348,348
6366,375
6374,578
6396,323
6406,83
6409,244
6413,21
6416,21
6432,97
6452,8
6468,346
6488,255
6489,255
6492,38
6495,38
6497,38
6498,38
6499,38
6500,38
6502,10
6503,10
6504,10
6505,10
6507,10
6509,38
6515,38
6516,38
6519,572
6524,38
6529,38
6530,38
6535,38
6557,165
6558,165
6559,165
6562,165
6563,165
6564,165
6566,252
6566,251
6567,252
6567,251
6578,527
6580,527
6581,527
6582,527
6583,527
6622,83
6629,120
6657,15
6676,124
6692,92
6693,92
6695,429
6696,429
6731,124
6758,144
6759,159
6761,159
6762,144
6766,144
6768,159
6771,144
6780,94
6795,129
6799,129
6813,866
6813,867
6814,866
6814,867
6815,867
6818,866
6818,867
6820,866
6820,867
6826,866
6826,867
6865,495
6883,495
6895,97
6900,263
6903,86
6904,86
6905,86
6906,86
6908,86
6909,86
6910,86
6912,86
6927,185
6979,200
6980,187
6985,200
6985,28
6986,200
6988,83
7063,13
7104,446
7104,84
7105,29
7105,84
7152,30
7153,30
7154,30
7155,30
7169,23
7173,23
7183,274
7190,39
7200,576
7203,200
7204,200
7207,200
7211,200
7213,200
7217,200
7221,154
7235,83
7237,83
7238,83
7240,28
7242,28
7280,669
7285,104
7288,209
7296,559
7321,24
7346,65
7371,405
7386,519
7388,20
7390,219
7398,32
7422,7
7423,7
7424,7
7425,7
7426,7
7426,285
7426,25
7427,7
7436,2
7462,29
7463,29
7466,3
7470,3
7473,3
7473,347
7481,60
7486,25
7492,459
7497,136
7498,136
7499,151
7506,465
7518,205
7519,80
7519,102
7519,94
7520,80
7527,25
7533,198
7537,742
7556,152
7559,359
7580,460
7581,280
7596,28
7605,264
7612,28
7630,28
7648,94
7676,123
7687,496
7691,473
7691,475
7691,474
7703,129
7705,129
7707,129
7717,471
7718,471
7719,1
7726,8
7729,312
7733,140
7733,6
7737,140
7738,6
7739,112
7739,219
7768,1
7769,1
7776,112
7777,112
7779,112
7792,112
7794,200
7803,112
7805,112
7808,9
7809,9
7811,9
7812,9
7821,439
7823,439
7826,439
7828,439
7852,21
7857,447
7868,5
7871,346
7877,5
7882,470
7884,470
7888,334
7912,237
7920,20
7921,32
7925,32
7925,20
7928,237
7929,32
7934,5
7936,20
7937,5
7937,20
7944,184
7948,379
7951,333
7954,505
7955,23
7965,535
7980,189
7981,68
7982,68
7984,68
7985,68
7986,41
7987,68
7988,68
7990,92
7991,92
7992,92
7993,92
7994,92
8006,5
8006,2
8013,356
8030,500
8044,83
8046,14
8046,97
8047,83
8055,83
8088,745
8092,29
8101,5
8135,292
8148,82
8148,33
8156,49
8158,49
8159,49
8165,204
8165,67
8172,3
8173,25
8173,202
8175,3
8177,3
8179,3
8188,500
8189,12
8202,5
8204,375
8205,5
8218,463
8224,10
8226,10
8228,21
8239,345
8247,4
8261,56
8264,32
8264,20
8275,428
8280,518
8288,574
8299,84
8300,1
8301,1
8306,40
8307,172
8309,2
8310,5
8317,2
8318,285
8319,19
8326,92
8356,25
8356,237
8361,149
8365,192
8369,5
8370,5
8371,5
8372,5
8373,5
8381,739
8385,160
8420,275
8438,26
8439,26
8441,38
8458,152
8462,551
8467,208
8471,5
8471,439
8478,104
8479,25
8483,308
8490,25
8492,465
8494,465
8496,320
8497,92
8509,320
8544,97
8545,76
8549,519
8564,458
8582,28
8583,29
8590,11
8592,3
8593,317
8595,5
8595,83
8600,446
8603,463
8604,463
8605,9
8609,285
8611,28
8622,30
8624,7
8629,25
8630,167
8642,216
8647,83
8650,5
8650,319
8652,446
8656,4
8659,62
8660,136
8660,123
8668,424
8690,31
8691,67
8705,112
8705,285
8705,25
8707,20
8708,20
8709,20
8710,348
8711,740
8712,133
8717,12
8724,15
8726,33
8730,545
8730,18
8730,544
8731,10
8732,10
8735,34
8744,6
8759,5
8770,285
8770,25
8781,31
8798,49
8800,45
8801,71
8803,47
8813,637
8823,655
8825,655
8826,655
8830,655
8836,459
8839,655
8856,51
8856,60
8874,25
8881,8
8887,192
8917,25
8919,25
8927,25
8936,25
8943,25
8944,25
8954,43
8955,43
8956,43
8957,43
8958,43
8959,43
8960,43
8961,43
8962,43
8963,43
8964,43
8965,43
8966,43
8967,43
8968,43
8969,43
8970,43
8985,18
8992,236
9013,236
9033,236
9036,236
9051,236
9078,577
9080,25
9080,237
9090,25
9107,452
9112,545
9112,18
9112,544
9114,379
9114,431
9115,25
9115,237
9116,465
9118,465
9119,558
9119,20
9124,208
9143,431
9144,370
9153,118
9156,118
9159,118
9160,295
9161,9
9163,438
9163,33
9169,1
9187,276
9209,25
9211,285
9211,25
9211,1
9212,25
9219,84
9221,84
9222,84
9223,84
9224,84
9233,285
9256,24
9264,446
9274,136
9274,123
9276,402
9276,83
9276,97
9303,76
9309,76
9327,25
9327,237
9329,3
9329,29
9333,264
9339,24
9341,28
9342,52
9352,209
9355,538
9357,25
9371,209
9399,285
9405,118
9415,53
9426,450
9429,54
9440,12
9445,501
9446,487
9449,586
9463,25
9479,408
9480,627
9482,408
9490,29
9526,25
9556,285
9557,55
9560,479
9561,479
9587,188
9587,9
9588,455
9589,455
9603,92
9615,27
9617,27
9619,442
9621,27
9622,27
9623,27
9624,320
9625,390
9737,11
9738,11
9740,11
9741,11
9742,58
9743,11
9744,11
9745,11
9746,11
9747,11
9748,58
9749,11
9751,11
9752,59
9753,11
9755,11
9756,58
9757,58
9782,156
9820,522
9821,274
9827,490
9828,490
9831,490
9834,92
9844,62
9845,62
9848,62
9851,62
9852,62
9853,62
9897,522
9898,46
9898,522
9899,522
9900,46
9901,3
9910,320
9910,234
9912,320
9912,234
9924,212
9924,454
9925,488
9927,178
9928,560
9942,500
9946,303
9949,442
9950,442
9950,443
9952,442
9952,443
9953,442
9953,443
9961,234
9962,234
9963,267
9963,234
9963,303
9965,303
9986,63
10066,10
10083,216
10096,96
10106,45
10107,45
10108,45
10109,45
10110,45
10111,45
10112,71
10118,67
10120,56
10163,517
10163,468
10170,263
10191,4
10192,202
10192,733
10233,24
10246,64
10250,64
10295,25
10296,25
10303,25
10318,578
10338,167
10348,655
10355,655
10359,152
10361,655
10372,655
10379,655
10388,698
10407,7
10415,118
10451,7
10479,396
10503,25
10504,25
10529,222
10539,452
10611,26
10696,140
10697,1
10697,148
10700,29
10702,3
10720,25
10728,419
10756,30
10757,30
10765,17
10779,517
10828,15
10830,167
10845,163
10852,15
10881,15
10892,369
10914,525
10930,253
10953,42
10954,42
10959,42
10960,42
10961,42
10965,42
10966,42
10967,42
10969,42
10970,42
10972,42
10975,42
10977,42
10979,1
10980,189
10997,190
10997,163
11006,127
11028,206
11039,56
11040,56
11041,158
11079,551
11123,25
11125,297
11140,5
11169,158
11170,158
11224,10
11241,181
11243,14
11324,7
11345,70
11347,70
11348,70
11350,52
11366,3
11366,245
11383,577
11391,212
11391,446
11394,38
11397,67
11405,350
11406,350
11407,350
11408,350
11416,557
11422,416
11425,589
11440,385
11440,384
11444,582
11445,158
11445,7
11445,3
11446,41
11539,80
11542,73
11545,236
11549,97
11555,20
11598,244
11605,603
11607,603
11661,736
11661,737
11676,204
11712,79
11766,5
11779,369
11783,431
11784,440
11784,441
11785,530
11786,431
11787,17
11789,523
11791,76
11792,76
11793,431
11794,76
11795,76
11796,80
11804,118
11816,441
11816,431
11847,441
11975,28
11985,82
11992,109
12047,142
12056,136
12065,404
12066,64
12067,83
12069,107
12085,85
12093,25
12094,25
12103,85
12106,85
12108,85
12115,530
12115,431
12119,159
12120,159
12121,159
12130,48
12131,48
12132,48
12133,48
12135,120
12146,36
12150,25
12170,52
12172,236
12173,641
12173,198
12256,285
12260,312
12275,506
12276,355
12278,6
12279,134
12280,367
12281,145
12309,3
12309,28
12357,39
12368,30
12390,27
12391,27
12392,27
12399,511
12401,25
12407,332
12423,67
12424,67
12425,67
12426,499
12427,158
12427,67
12492,158
12502,2
12502,317
12505,2
12524,28
12529,28
12562,380
12568,96
12582,118
12590,97
12595,146
12595,137
12596,146
12596,137
12616,508
12696,859
12711,348
12712,25
12716,562
12732,160
12752,3
12771,181
12786,667
12823,263
12835,360
12839,754
12839,570
12841,357
12852,31
12867,431
12871,374
12872,623
12877,631
12878,94
12881,613
12882,116
12888,18
12893,184
12893,82
12943,25
12968,467
12969,28
12976,234
12977,600
13044,100
13046,101
13113,83
13131,3
13137,28
13145,411
13166,467
13167,467
13170,390
13172,390
13176,290
13189,41
13190,24
13210,408
13216,119
13220,119
13242,284
13261,106
13262,42
13263,42
13267,18
13271,29
13271,84
13275,212
13275,153
13286,20
13311,431
13402,142
13407,589
13471,14
13495,551
13499,3
13499,245
13516,431
13518,775
13781,717
13794,408
13804,618
13813,100
13876,339
13904,628
13949,146
13990,579
14021,7
14033,535
14060,352
14162,2
14207,340
14230,97
14249,321
14264,163
14277,561
14302,485
14393,25
14410,29
14439,317
14440,98
14455,450
14686,97
14695,482
14696,482
14709,343
14724,343
14752,807
14805,319
14813,167
14817,110
14821,110
14871,322
14934,104
14979,97
14992,29
15007,250
15008,726
15009,726
15010,726
15011,726
15012,726
15013,726
15026,541
15067,431
15154,266
15155,266
15193,415
15201,14
15211,88
15297,285
15305,25
15305,237
15319,374
15330,374
15394,314
15401,314
15411,314
15418,181
15572,153
15614,361
15615,361
15618,361
15620,361
15621,361
15622,361
15623,361
15638,27
15651,341
15651,136
15700,28
15834,88
15891,418
15916,92
15920,549
15925,541
15939,346
15969,744
16072,698
16149,155
16159,827
16195,551
16196,551
16201,431
16202,551
16217,200
16252,625
16274,449
16274,182
16502,538
16689,198
16690,198
16691,198
16693,198
16748,320
16800,348
16811,81
16924,531
16951,89
17018,192
17043,125
17074,431
17076,497
17090,216
17092,216
17109,111
17112,111
17330,266
17331,266
17334,441
17344,441
17372,202
17390,202
17396,202
17397,202
17403,202
17455,52
17478,280
17479,148
17575,64
17611,266
17611,97
17614,359
17619,431
17620,28
17620,431
17641,94
17643,206
17643,207
17658,493
17692,52
17712,450
17749,225
17789,119
17790,119
17801,125
17839,67
17864,168
17886,30
17974,615
17975,615
18061,738
18169,536
18198,200
18200,200
18202,200
18228,192
18256,557
18322,530
18328,332
18352,332
18438,208
18444,222
18446,222
18466,1
18473,1
18498,808
18500,295
18582,437
18595,311
18595,343
18639,391
18708,443
18709,443
18710,443
18725,355
18740,875
18770,128
18812,290
18813,290
18814,290
18815,290
18817,290
18819,290
18820,290
18821,290
18823,290
18825,290
18827,290
18830,198
18833,765
18838,765
18851,290
18859,290
18875,290
18877,765
18895,270
18906,178
18911,237
18914,237
18930,80
18930,245
18940,3
18940,245
19011,4
19071,541
19292,100
19310,9
19311,9
19312,9
19315,185
19436,420
19437,420
19480,31
19515,141
19516,441
19517,441
19522,320
19522,234
19549,503
19566,27
19589,27
19617,97
19621,97
19627,18
19630,18
19631,18
19635,18
19639,624
19639,254
19645,18
19646,18
19647,18
19653,18
19654,18
19658,18
19662,18
19665,107
19666,19
19847,516
19849,421
19867,192
19868,102
19875,192
19876,192
20146,346
20146,462
20147,5
20150,5
20292,133
20414,743
20452,127
20488,93
20509,167
20510,167
20514,167
20565,32
20566,285
20566,25
20567,32
20612,29
20626,156
20644,255
20647,255
20709,112
20723,266
20729,379
20742,379
20752,266
20763,23
20763,97
20767,134
20816,218
20865,17
20886,535
20902,17
20918,17
20938,17
20942,62
20976,517
20979,17
20982,557
20999,128
21055,789
21094,200
21097,22
21135,65
21334,726
21335,726
21337,726
21348,379
21352,774
21373,379
21376,379
21376,431
21383,551
21386,379
21387,379
21389,379
21390,574
21406,389
21411,389
21412,389
21413,389
21439,15
21442,15
21443,15
21468,628
21485,136
21485,123
21528,167
21613,374
21640,374
21729,320
21729,234
21736,237
22112,314
22168,317
22173,543
22173,133
22202,97
22216,186
22230,137
22244,56
22246,56
22250,56
22252,56
22319,809
22327,246
22347,475
22348,475
22349,475
22356,199
22368,342
22375,821
22458,529
22460,852
22479,18
22481,83
22487,484
22494,40
22522,5
22599,430
22668,607
22713,4
22720,333
22746,336
22760,184
22768,380
22772,145
22776,256
22959,243
22965,234
23033,297
23082,38
23093,33
23095,82
23095,33
23099,6
23099,33
23100,33
23102,33
23105,600
23213,524
23214,524
23215,524
23239,524
23252,524
23255,524
23278,524
23284,524
23385,263
23386,263
23387,263
23389,263
23440,3
23462,538
23478,31
23544,178
23545,178
23564,448
23566,448
23591,104
23619,800
23672,18
23732,19
23781,233
23783,233
23813,42
23813,348
23823,348
23828,349
23828,348
23834,5
23856,192
23929,314
23952,35
23973,204
23989,230
24005,10
24009,10
24011,10
24068,21
24085,597
24085,309
24104,144
24106,144
24326,465
24384,436
24396,167
24418,167
24436,38
24440,38
24447,38
24451,4
24453,38
24456,55
24457,55
24458,55
24459,55
24461,55
24466,467
24467,467
24473,467
24476,467
24477,467
24479,467
24481,467
24482,687
24488,537
24492,537
24494,537
24529,250
24530,56
24538,249
24539,56
24542,250
24546,252
24546,251
24563,612
24567,498
24568,5
24569,384
24614,2
24682,630
24690,630
24712,161
24772,404
24809,488
24884,124
24921,555
24923,123
24925,555
24948,80
24948,3
24950,428
24951,428
24964,557
25015,163
25054,56
25078,141
25079,141
25082,867
25109,431
25117,431
25118,76
25149,87
25153,167
25157,400
25158,400
25159,400
25162,400
25187,677
25221,19
25396,82
25396,512
25597,3
25635,431
25636,551
25638,162
25654,104
25753,13
25780,732
25784,335
25784,33
25815,161
25844,425
25888,690
25889,691
25923,161
25957,154
26040,347
26041,3
26043,3
26043,347
26045,347
26060,283
26082,97
26094,228
26118,161
26125,391
26134,174
26137,79
26154,249
26157,395
26162,31
26168,224
26208,42
26259,67
26469,167
26491,88
26544,32
26544,20
26545,32
26545,20
26546,32
26546,20
26547,32
26547,20
26548,32
26548,20
26549,32
26549,20
26576,130
26597,131
26605,132
26608,134
26609,136
26611,137
26612,140
26612,139
26613,141
26614,20
26616,135
26626,7
26627,7
26628,7
26629,7
26630,7
26631,145
26631,67
26646,27
26646,31
26647,145
26648,147
26649,145
26650,145
26651,145
26653,145
26654,145
26655,145
26656,145
26657,145
26658,1
26659,148
26660,27
26661,27
26661,741
26664,29
26665,149
26681,150
26682,151
26684,29
26685,29
26686,29
26687,29
26689,153
26691,29
26692,29
26699,156
26714,46
26714,533
26715,167
26717,31
26718,180
26719,491
26730,80
26730,3
26730,94
26731,181
26732,181
26733,181
26734,3
26735,96
26736,96
26737,182
26738,182
26740,164
26741,134
26742,183
26764,134
26764,188
26764,9
26795,189
26830,56
26831,25
26868,799
26886,25
26889,9
26908,46
26908,522
26924,463
26943,159
26959,32
26960,269
26964,30
26988,342
26989,342
26994,210
26995,210
26996,210
26997,210
26998,210
26999,210
27006,601
27011,852
27013,210
27014,210
27015,210
27016,210
27017,210
27036,564
27054,210
27056,210
27057,210
27058,210
27066,450
27067,5
27071,210
27072,210
27094,28
27101,72
27106,3
27107,148
27109,567
27194,107
27197,107
27201,29
27202,145
27203,113
27204,113
27205,40
27210,40
27293,153
27294,162
27300,198
27301,198
27302,198
27303,198
27358,7
27360,5
27374,230
27375,230
27382,236
27383,22
27384,22
27385,22
27386,22
27387,22
27388,22
27389,22
27390,22
27391,22
27392,22
27393,22
27394,22
27395,22
27396,22
27397,22
27398,22
27399,22
27400,22
27401,22
27402,22
27403,22
27404,22
27405,22
27406,22
27407,22
27408,22
27409,22
27410,22
27411,22
27412,22
27413,22
27414,210
27415,214
27420,22
27421,22
27423,22
27424,22
27425,22
27426,22
27429,60
27437,231
27437,22
27438,231
27438,22
27439,231
27439,22
27440,22
27441,22
27442,22
27443,22
27444,22
27445,22
27446,22
27447,22
27448,22
27486,22
27487,22
27488,22
27489,22
27490,22
27491,22
27492,22
27493,22
27494,231
27494,22
27495,231
27495,22
27496,231
27496,22
27497,231
27497,22
27498,231
27498,22
27499,231
27499,22
27501,231
27501,22
27505,15
27508,22
27509,22
27510,22
27511,22
27512,22
27513,22
27514,22
27515,211
27516,211
27519,237
27520,237
27521,22
27522,238
27572,570
27574,419
27577,234
27588,215
27588,680
27589,67
27591,584
27592,215
27592,67
27593,67
27594,3
27596,146
27596,36
27606,22
27607,118
27608,22
27609,67
27615,22
27616,22
27617,22
27618,22
27619,22
27620,22
27621,22
27622,22
27623,22
27624,22
27625,22
27626,22
27627,91
27628,15
27634,22
27664,22
27666,22
27667,22
27668,22
27669,159
27670,242
27678,6
27679,6
27680,6
27681,6
27689,40
27694,420
27695,27
27695,31
27696,31
27697,31
27698,31
27699,31
27703,254
27723,27
27724,31
27725,27
27726,31
27728,27
27728,31
27729,27
27729,31
27730,36
27733,22
27739,31
27740,45
27740,247
27741,22
27742,22
27743,22
27745,203
27748,71
27749,71
27750,71
27751,71
27760,450
27763,22
27772,80
27772,94
27791,22
27903,214
27904,214
27921,39
27922,452
27931,118
27931,25
27931,22
27932,118
27932,25
27932,22
27933,118
27933,25
27933,22
27936,464
27939,129
27940,262
27940,261
27985,137
27989,15
27990,27
27991,145
28009,461
28016,146
28032,27
28049,267
28100,23
28109,420
28114,322
28115,263
28116,27
28117,27
28118,210
28136,273
28154,107
28192,167
28256,384
28259,498
28272,120
28295,314
28296,314
28306,5
28307,76
28314,83
28345,28
28347,259
28349,239
28385,234
28403,238
28405,286
28407,204
28408,204
28409,25
28416,575
28458,291
28459,291
28460,291
28461,291
28463,292
28469,293
28476,210
28477,210
28478,210
28484,156
28485,295
28501,49
28504,36
28549,162
28564,598
28565,297
28567,385
28567,384
28568,25
28575,447
28581,2
28583,33
28584,259
28586,25
28589,25
28591,3
28592,25
28595,151
28612,161
28618,162
28628,3
28629,735
28629,258
28630,80
28630,3
28633,5
28636,198
28637,298
28640,299
28641,384
28643,237
28646,151
28647,300
28648,298
28655,1
28656,298
28660,258
28661,152
28664,25
28674,134
28676,40
28677,40
28678,40
28679,40
28680,40
28681,40
28682,40
28700,303
28702,162
28705,198
28707,304
28708,304
28709,304
28710,304
28711,304
28712,304
28713,304
28714,304
28715,304
28717,304
28718,3
28720,302
28721,92
28721,148
28721,215
28723,112
28729,306
28730,307
28748,101
28750,25
28751,25
28752,25
28756,270
28757,270
28758,270
28759,270
28760,270
28761,270
28762,270
28763,270
28764,270
28765,270
28768,2
28798,465
28815,308
28816,25
28819,97
28838,356
28840,161
28840,39
28841,161
28842,161
28850,2
28875,385
28896,274
28902,298
28902,434
28902,435
28903,285
28906,316
28908,25
28908,153
28920,31
28921,307
28921,137
29021,184
29028,60
29046,146
29049,27
29050,94
29051,40
29053,27
29055,27
29056,27
29057,27
29058,27
29063,92
29063,49
29065,391
29075,509
29094,466
29095,228
29097,326
29099,251
29100,94
29105,27
29115,274
29116,27
29117,39
29121,20
29127,251
29136,39
29141,337
29145,27
29151,111
29152,111
29190,82
29216,2
29228,27
29231,91
29232,91
29233,91
29234,91
29235,91
29237,145
29238,145
29239,145
29240,44
29241,44
29242,44
29245,520
29249,28
29251,56
29261,749
29264,242
29265,242
29266,242
29267,242
29268,242
29269,242
29270,242
29271,242
29272,242
29279,94
29291,419
29295,44
29296,44
29297,44
29298,44
29299,44
29315,192
29315,92
29316,92
29320,19
29327,42
29331,470
29332,44
29333,44
29334,44
29336,44
29337,44
29339,44
29388,92
29389,92
29391,210
29402,25
29405,25
29430,25
29449,39
29450,39
29451,39
29464,3
29464,347
29489,609
29490,609
29491,508
29498,7
29499,483
29566,27
29570,156
29571,156
29572,384
29583,385
29583,384
29601,3
29606,136
29627,217
29628,297
29629,297
29630,210
29660,246
29661,210
29683,616
29692,513
29692,514
29693,27
29694,7
29699,270
29700,270
29701,270
29711,214
29712,214
29718,149
29733,353
29734,353
29735,354
29737,355
29741,7
29742,80
29742,3
29743,158
29748,237
29749,31
29757,32
29759,80
29762,101
29763,356
29764,150
29765,589
29766,477
29766,478
29767,211
29768,211
29779,614
29780,234
29782,716
29794,6
29795,451
29796,152
29799,31
29800,31
29801,31
29802,170
29804,204
29804,67
29807,104
29807,279
29808,104
29809,104
29810,279
29811,279
29812,104
29813,279
29814,104
29822,234
29831,358
29833,237
29835,44
29838,236
29839,26
29842,158
29864,91
29865,204
29866,91
29883,415
29893,91
29894,285
29894,25
29895,285
29895,25
29896,285
29896,25
29907,360
29910,360
29915,91
29920,25
29930,25
29934,161
29943,146
29945,146
29946,146
29948,146
29953,153
29953,133
29954,153
29962,577
29970,27
30011,25
30011,151
30011,237
30015,105
30016,105
30033,111
30045,25
30051,146
30052,146
30057,424
30057,120
30057,2
30058,27
30065,147
30066,147
30067,147
30068,147
30069,147
30070,147
30074,236
30076,147
30077,147
30094,307
30098,97
30122,125
30126,362
30127,502
30127,134
30128,151
30149,47
30158,3
30159,3
30171,5
30183,198
30184,198
30189,1
30191,32
30204,28
30213,148
30214,433
30216,365
30217,515
30227,30
30233,204
30233,67
30235,25
30242,25
30244,67
30246,317
30248,238
30248,60
30251,367
30253,145
30254,145
30257,92
30289,368
30290,28
30297,67
30301,500
30322,91
30347,25
30356,28
30357,431
30358,361
30358,371
30360,25
30367,372
30368,372
30369,372
30370,372
30371,372
30372,372
30373,372
30374,372
30375,372
30376,372
30377,372
30378,372
30379,372
30380,372
30381,372
30382,372
30383,372
30384,372
30387,372
30388,372
30389,372
30390,372
30391,372
30392,372
30393,372
30394,372
30395,372
30396,372
30398,347
30402,372
30411,373
30416,94
30420,375
30422,375
30423,375
30424,375
30425,375
30430,60
30431,322
30436,245
30437,27
30443,23
30450,23
30452,67
30455,236
30483,23
30503,113
30512,55
30520,87
30521,377
30526,202
30530,67
30585,270
30586,270
30600,7
30600,140
30604,599
30607,270
30608,270
30619,297
30620,297
30621,297
30621,82
30626,3
30678,83
30680,24
30680,163
30680,114
30695,214
30700,25
30716,67
30721,329
30723,281
30724,667
30747,246
30766,136
30769,145
30770,445
30774,2
30775,25
30778,152
30779,5
30780,134
30780,9
30781,307
30789,297
30800,140
30804,167
30849,31
30858,167
30909,227
30916,36
30918,314
30919,314
30926,384
30928,25
30938,97
30939,97
30952,67
30976,39
30985,5
30999,571
31004,111
31012,632
31029,388
31033,23
31040,457
31041,428
31044,255
31052,157
31058,137
31069,103
31088,740
31089,91
31090,91
31101,198
31105,318
31130,390
31131,3
31139,67
31148,146
31149,146
31150,146
31151,146
31152,146
31153,146
31154,146
31155,146
31156,146
31157,146
31158,146
31159,146
31160,146
31161,146
31162,146
31163,146
31164,146
31165,146
31166,146
31172,141
31195,342
31207,118
31214,612
31221,587
31247,28
31254,2
31265,23
31275,137
31276,150
31277,25
31281,3
31293,92
31295,91
31296,91
31307,405
31308,405
31312,92
31313,67
31314,23
31316,507
31318,23
31337,158
31339,167
31340,167
31341,167
31342,167
31343,167
31344,167
31345,167
31347,91
31349,91
31350,91
31352,91
31353,91
31355,91
31356,91
31360,91
31361,91
31362,91
31364,91
31365,481
31372,62
31373,3
31373,245
31394,323
31395,323
31396,323
31404,5
31405,27
31412,311
31415,2
31424,2
31426,3
31436,537
31436,731
31436,67
31439,32
31443,31
31455,434
31455,435
31456,410
31459,8
31461,563
31466,588
31481,234
31488,626
31507,41
31524,414
31525,414
31526,110
31528,412
31529,413
31532,145
31542,28
31549,25
31549,82
31550,417
31570,295
31576,655
31591,371
31592,542
31596,30
31597,30
31602,248
31620,374
31621,374
31622,374
31630,91
31639,31
31650,91
31655,204
31656,204
31657,204
31685,167
31686,91
31687,91
31696,45
31697,45
31708,443
31708,584
31710,264
31712,214
31713,214
31714,214
31716,214
31717,214
31732,92
31734,436
31736,80
31736,3
31736,94
31737,405
31739,18
31740,27
31741,437
31741,411
31742,437
31742,411
31744,437
31744,411
31745,437
31745,411
31746,437
31746,411
31747,440
31748,437
31748,411
31759,295
31777,611
31794,455
31795,455
31796,23
31804,812
31812,456
31813,3
31817,247
31818,247
31819,247
31823,533
31824,533
31825,320
31826,390
31828,98
31843,200
31848,444
31849,444
31850,444
31851,444
31852,444
31861,31
31865,444
31866,444
31867,444
31869,444
31893,789
31898,69
31918,161
31922,428
31935,158
31936,482
31957,242
31958,242
31959,242
31960,242
31967,492
31969,493
31975,236
31988,94
31988,214
31989,521
31990,141
31991,92
31992,22
31993,67
31995,22
32005,236
32006,361
32006,371
32007,361
32007,371
32011,341
32011,528
32013,527
32014,527
32015,527
32016,527
32017,527
32018,527
32019,493
32030,426
32036,1
32037,537
32039,158
32043,248
32044,25
32049,22
32053,320
32054,31
32056,419
32058,234
32064,360
32073,357
32076,52
32109,280
32121,236
32127,557
32130,537
32142,131
32143,195
32143,325
32144,563
32145,380
32148,470
32151,499
32152,565
32153,92
32154,42
32157,568
32159,568
32167,236
32174,158
32175,263
32178,450
32185,236
32190,39
32196,27
32198,581
32205,31
32206,118
32206,295
32212,573
32213,565
32215,236
32258,16
32277,585
32300,589
32301,101
32302,131
32347,549
32348,591
32369,133
32371,431
32372,431
32373,431
32374,431
32375,431
32376,431
32377,431
32378,431
32379,431
32386,42
32393,236
32398,424
32416,365
32467,33
32478,595
32481,427
32482,427
32483,427
32486,427
32489,427
32491,427
32502,427
32504,427
32505,427
32507,427
32508,427
32509,427
32510,427
32512,427
32513,427
32514,427
32515,427
32516,427
32518,427
32519,427
32521,427
32523,427
32524,427
32526,427
32534,598
32538,5
32539,5
32546,465
32547,598
32552,5
32557,214
32567,214
32570,118
32570,295
32591,503
32591,602
32627,67
32644,628
32644,67
32646,628
32646,67
32653,67
32658,134
32659,3
32661,140
32661,134
32662,140
32662,134
32663,140
32663,134
32664,6
32666,259
32667,502
32668,132
32669,9
32670,139
32672,502
32672,447
32673,134
32691,605
32692,598
32693,598
32694,598
32695,598
32696,598
32697,598
32698,598
32714,570
32715,236
32718,3
32719,5
32721,151
32722,145
32724,25
32724,91
32734,316
32735,145
32739,25
32739,91
32740,537
32742,28
32743,5
32743,410
32744,5
32744,92
32745,1
32746,67
32749,368
32751,3
32752,297
32753,145
32755,100
32756,606
32758,145
32759,641
32760,362
32768,627
32770,319
32772,447
32773,146
32774,608
32775,204
32775,67
32776,204
32776,67
32777,204
32777,67
32778,609
32780,610
32781,540
32781,80
32781,89
32781,3
32787,426
32788,426
32789,426
32790,426
32791,426
32792,426
32793,426
32794,426
32795,426
32796,426
32797,426
32798,620
32800,126
32801,298
32802,298
32803,298
32834,297
32844,9
32845,134
32857,471
32859,118
32867,6
32868,140
32868,139
32872,124
32888,27
32889,27
32901,569
32905,154
32906,154
32907,256
32908,198
32912,796
32912,554
32919,67
32920,67
32924,36
32928,202
32961,97
32982,236
32998,164
32999,455
33006,192
33009,200
33011,3
33012,3
33019,594
33020,594
33022,629
33025,479
33036,92
33045,38
33052,452
33063,91
33064,25
33064,91
33065,25
33065,91
33070,32
33087,569
33112,632
33113,632
33114,632
33115,632
33121,598
33142,633
33143,633
33144,633
33145,633
33146,633
33147,633
33161,634
33164,632
33165,236
33166,3
33169,577
33171,433
33189,202
33195,473
33210,134
33247,158
33256,266
33268,71
33329,67
33330,551
33332,283
33333,283
33334,283
33336,30
33337,592
33358,96
33359,67
33362,150
33362,237
33366,20
33368,5
33369,118
33369,295
33370,118
33370,295
33371,118
33371,295
33372,118
33372,295
33373,118
33373,295
33374,23
33374,67
33376,634
33377,636
33399,637
33408,86
33409,439
33418,22
33420,22
33422,22
33423,22
33426,22
33427,214
33428,214
33430,22
33431,214
33434,22
33436,214
33438,214
33439,22
33440,214
33441,214
33445,22
33447,22
33448,22
33449,22
33450,22
33451,22
33452,22
33453,22
33454,22
33455,22
33456,22
33457,22
33458,214
33460,214
33462,22
33463,214
33464,22
33475,551
33476,551
33477,796
33477,554
33481,385
33481,384
33486,638
33493,531
33513,638
33514,640
33515,640
33521,569
33524,307
33535,465
33537,134
33553,638
33579,7
33580,635
33582,645
33586,368
33587,641
33589,493
33590,493
33607,645
33608,570
33619,124
33649,7
33653,32
33654,204
33654,67
33656,25
33657,25
33661,100
33663,3
33680,238
33681,537
33687,162
33702,436
33703,419
33704,419
33705,419
33706,419
33707,419
33708,419
33724,390
33739,644
33740,644
33747,419
33748,357
33752,25
33752,237
33752,471
33753,25
33755,25
33756,25
33757,158
33759,3
33759,245
33761,25
33762,25
33783,3
33809,39
33819,425
33849,39
33850,646
33862,186
33865,589
33882,25
33883,645
33883,91
33903,645
33910,204
33913,67
33920,214
33921,3
33923,198
33930,246
33934,632
33942,632
33943,632
33944,632
33945,632
33948,5
33949,111
33955,22
33982,648
33983,648
33987,632
34008,632
34018,621
34022,25
34023,632
34024,632
34026,632
34028,632
34029,632
34030,632
34033,632
34037,104
34039,25
34044,405
34049,375
34051,420
34052,420
34053,420
34054,420
34055,420
34056,420
34057,420
34058,420
34060,420
34061,420
34062,420
34063,420
34064,420
34065,420
34066,420
34067,420
34068,420
34069,420
34070,420
34071,420
34072,420
34073,420
34074,420
34075,420
34076,420
34077,420
34078,420
34079,420
34080,420
34081,420
34082,420
34083,420
34084,420
34085,420
34086,420
34087,420
34088,420
34089,431
34090,569
34109,25
34110,569
34115,569
34116,119
34118,649
34121,31
34122,87
34122,31
34123,87
34123,31
34124,31
34125,188
34126,31
34127,31
34128,31
34129,31
34130,338
34130,31
34132,338
34132,31
34133,31
34134,31
34135,338
34135,31
34136,31
34137,31
34138,31
34142,31
34143,31
34144,31
34145,31
34146,526
34146,31
34148,31
34149,31
34150,31
34151,31
34152,31
34156,28
34162,650
34163,650
34173,374
34174,569
34175,569
34176,569
34185,569
34186,569
34187,569
34189,569
34190,569
34191,569
34192,569
34200,80
34220,651
34222,98
34223,652
34231,653
34282,395
34283,395
34284,356
34285,654
34301,113
34304,281
34313,56
34315,188
34316,297
34322,25
34337,645
34359,614
34360,487
34361,614
34363,614
34364,614
34365,614
34366,614
34367,487
34368,31
34397,641
34398,52
34399,653
34399,276
34400,31
34401,653
34402,31
34403,31
34404,653
34405,653
34406,31
34407,653
34416,31
34418,31
34419,31
34420,31
34421,31
34422,31
34425,31
34427,31
34429,31
34433,235
34435,233
34436,233
34437,233
34438,233
34439,233
34450,27
34463,411
34464,411
34466,411
34467,411
34468,411
34469,411
34502,23
34504,92
34508,92
34510,297
34513,346
34543,419
34543,267
34553,635
34554,635
34555,92
34556,270
34557,103
34558,493
34558,635
34566,158
34566,67
34569,549
34575,657
34582,144
34589,215
34590,215
34599,619
34600,619
34615,658
34616,658
34617,658
34618,658
34619,92
34623,645
34656,619
34657,619
34659,265
34660,265
34663,156
34670,198
34689,408
34702,645
34713,532
34716,27
34737,581
34740,25
34747,25
34747,91
34754,92
34761,71
34766,204
34767,28
34772,91
34775,864
34778,450
34779,450
34780,450
34781,450
34782,450
34783,450
34784,450
34785,450
34791,659
34793,659
34795,659
34798,645
34798,204
34799,25
34802,146
34806,178
34810,628
34821,28
34825,270
34826,25
34827,25
34828,25
34834,25
34841,375
34842,375
34843,301
34861,91
34863,5
34866,91
34872,2
34886,645
34887,67
34902,516
34903,516
34904,433
34905,433
34906,339
34907,557
34907,123
34908,439
34909,457
34911,662
34912,415
34918,167
34919,167
34920,167
34935,30
34939,775
34939,42
34942,167
34943,603
34945,603
34946,603
34947,603
34948,603
34949,603
34950,603
34951,603
34952,603
34953,645
34957,663
34958,663
34959,663
34960,663
34961,663
34962,25
34982,436
34983,25
34986,462
34988,1
34988,5
34989,438
35046,438
35048,60
35050,147
35061,25
35063,666
35064,296
35116,25
35129,100
35134,307
35213,32
35221,645
35226,181
35239,28
35243,22
35244,22
35245,22
35246,22
35247,669
35248,669
35249,669
35250,669
35251,669
35252,669
35261,261
35276,91
35284,408
35299,357
35300,357
35301,357
35302,357
35303,419
35304,357
35305,419
35306,419
35307,3
35315,357
35316,408
35317,408
35319,620
35351,450
35355,662
35356,662
35360,662
35362,357
35363,357
35364,357
35368,390
35369,16
35393,25
35393,91
35399,33
35404,91
35414,357
35415,357
35416,357
35417,357
35418,357
35419,645
35419,91
35423,91
35426,285
35431,216
35447,373
35448,672
35449,672
35450,450
35467,270
35469,645
35470,645
35472,87
35472,111
35476,92
35478,645
35482,63
35497,214
35498,214
35499,214
35500,214
35504,357
35505,161
35505,646
35506,100
35540,83
35541,357
35544,326
35545,3
35561,346
35588,31
35596,118
35596,295
35600,673
35601,673
35606,246
35607,29
35608,29
35609,156
35621,49
35630,30
35636,715
35648,25
35648,237
35656,25
35658,118
35658,295
35661,674
35663,161
35665,25
35666,307
35667,8
35667,175
35669,307
35672,300
35673,297
35674,3
35675,537
35676,307
35678,405
35679,25
35680,641
35681,67
35684,25
35684,237
35686,25
35687,557
35688,151
35689,557
35691,676
35692,632
35693,632
35694,295
35696,25
35697,632
35698,147
35699,28
35701,362
35702,632
35703,645
35704,405
35707,134
35708,158
35708,83
35710,198
35711,388
35712,145
35713,231
35724,525
35733,581
35736,653
35737,653
35743,343
35752,134
35755,83
35786,620
35786,674
35787,355
35830,151
35868,662
35869,662
35872,374
35875,39
35902,91
35904,645
35907,641
35908,307
35914,25
35918,120
35919,186
35931,679
35954,27
35955,31
35956,31
35962,396
35964,645
35974,215
35974,680
35976,167
35977,167
35988,441
35989,361
35997,361
36002,361
36009,410
36010,447
36011,346
36012,367
36012,145
36013,9
36014,9
36015,447
36016,645
36017,361
36019,36
36020,645
36021,811
36022,811
36024,361
36025,361
36027,681
36028,564
36029,553
36030,553
36031,553
36032,553
36033,683
36034,683
36035,564
36036,564
36037,564
36038,564
36039,564
36040,564
36041,564
36042,564
36049,684
36050,684
36051,684
36052,684
36053,684
36054,684
36055,684
36056,684
36057,684
36058,684
36059,684
36060,684
36061,684
36062,684
36063,684
36064,684
36065,684
36066,684
36067,684
36068,684
36069,684
36070,684
36071,682
36072,682
36074,681
36075,681
36076,681
36077,681
36078,549
36079,682
36091,159
36092,159
36093,159
36095,25
36096,645
36105,20
36106,25
36107,237
36108,685
36109,685
36110,685
36111,685
36112,553
36113,686
36114,178
36121,520
36122,167
36128,667
36133,687
36134,687
36135,687
36136,687
36137,645
36138,687
36139,437
36140,437
36141,437
36142,437
36143,437
36144,437
36145,437
36146,437
36147,437
36148,437
36149,437
36151,645
36153,688
36155,25
36155,91
36158,600
36181,689
36183,689
36184,689
36187,689
36188,689
36189,3
36206,645
36206,91
36223,424
36224,645
36224,91
36351,92
36352,449
36352,92
36353,92
36370,645
36370,91
36371,92
36373,92
36374,92
36375,92
36376,92
36377,92
36378,92
36379,92
36380,92
36381,92
36382,92
36467,125
36483,450
36484,450
36485,450
36486,450
36487,450
36487,319
36488,450
36489,450
36490,450
36491,450
36492,450
36493,450
36494,450
36495,450
36496,450
36497,450
36498,450
36499,450
36500,450
36503,214
36504,214
36505,645
36505,91
36506,455
36510,692
36513,692
36514,692
36517,653
36518,645
36518,91
36539,41
36544,3
36547,653
36549,49
36560,673
36564,25
36565,693
36566,693
36583,357
36587,357
36594,357
36597,357
36616,569
36619,569
36622,3
36624,307
36626,693
36630,609
36632,28
36633,307
36639,134
36640,140
36643,645
36643,91
36653,553
36653,325
36656,609
36657,297
36668,408
36676,337
36677,27
36697,293
36700,320
36701,320
36702,320
36703,320
36704,320
36706,320
36707,320
36708,320
36709,320
36710,320
36711,320
36712,419
36732,7
36735,148
36738,645
36738,91
36739,645
36739,91
36740,645
36740,91
36741,645
36741,91
36742,645
36742,91
36743,645
36743,91
36744,645
36744,91
36745,645
36745,91
36746,645
36746,91
36747,645
36747,91
36748,645
36748,91
36749,645
36749,91
36750,645
36750,91
36751,645
36751,91
36752,645
36752,91
36753,645
36753,91
36754,645
36754,91
36755,645
36755,91
36756,645
36756,91
36757,645
36757,91
36758,645
36758,91
36795,589
36797,367
36798,367
36801,367
36803,151
36805,4
36806,80
36807,25
36808,25
36809,39
36809,129
36811,593
36812,654
36813,654
36814,654
36817,593
36818,593
36830,694
36831,230
36832,694
36833,694
36834,694
36837,645
36837,91
36838,92
36842,25
36842,91
36844,158
36845,67
36846,25
36847,298
36848,368
36849,477
36850,49
36853,261
36855,5
36857,25
36859,300
36860,300
36884,234
36904,351
36905,461
36906,307
36907,23
36909,286
36913,695
36915,307
36915,536
36921,645
36921,91
36923,5
36931,300
36933,300
36934,300
36935,300
36936,300
36937,300
36938,300
36961,337
36964,337
36965,31
36966,25
36969,113
36973,91
36978,25
36978,91
36979,187
36980,350
36981,350
36982,350
36983,350
36984,350
36999,319
37002,202
37003,267
37004,267
37005,267
37008,25
37008,91
37010,159
37017,127
37018,127
37021,720
37026,645
37027,312
37028,365
37031,699
37036,24
37037,92
37038,92
37039,92
37040,92
37042,395
37045,692
37048,27
37049,233
37051,571
37052,571
37053,571
37054,571
37055,571
37056,571
37057,689
37058,411
37064,487
37066,487
37067,571
37068,571
37069,571
37070,571
37071,31
37072,31
37073,31
37074,31
37075,31
37076,31
37077,31
37078,31
37079,31
37080,52
37081,52
37082,52
37083,52
37084,52
37085,52
37086,222
37087,222
37088,653
37091,541
37118,52
37119,52
37120,52
37123,357
37123,662
37131,31
37132,31
37133,31
37134,31
37135,31
37136,31
37137,31
37138,31
37139,31
37140,31
37141,31
37142,31
37143,31
37144,31
37145,31
37146,31
37147,198
37148,198
37149,198
37150,198
37151,198
37152,198
37153,27
37163,25
37166,320
37167,689
37168,689
37169,689
37186,176
37187,176
37188,176
37190,176
37191,176
37192,176
37193,176
37194,176
37195,176
37196,176
37197,415
37197,60
37203,119
37204,119
37205,119
37206,119
37207,307
37213,413
37214,413
37216,645
37216,91
37217,28
37219,3
37220,3
37224,515
37232,293
37233,502
37242,645
37249,148
37256,629
37258,188
37268,701
37271,151
37273,569
37274,569
37276,702
37279,30
37280,25
37283,91
37286,202
37287,204
37287,67
37291,703
37295,636
37296,704
37300,195
37330,705
37331,133
37337,695
37338,367
37346,211
37347,211
37348,211
37349,211
37350,211
37351,211
37357,609
37358,295
37359,295
37360,295
37382,300
37427,185
37428,185
37429,185
37430,185
37431,185
37432,185
37436,134
37446,317
37449,317
37480,49
37490,340
37492,263
37493,263
37497,15
37510,279
37511,495
37532,645
37532,91
37533,368
37548,234
37565,114
37579,114
37591,645
37591,91
37633,42
37634,775
37634,42
37635,775
37637,199
37638,199
37639,199
37654,307
37700,204
37700,67
37701,204
37701,67
37702,204
37702,67
37704,680
37706,225
37708,28
37718,134
37719,134
37725,714
37761,277
37767,845
37777,215
37779,658
37783,36
37803,29
37806,25
37807,25
37808,25
37809,25
37821,38
37828,145
37831,118
37839,450
37840,450
37841,450
37842,450
37843,450
37844,450
37845,450
37846,450
37858,145
37860,701
37865,720
37867,695
37867,701
37868,680
37870,159
37873,25
37874,159
37875,159
37876,159
37877,159
37878,159
37880,4
37883,499
37886,91
37888,5
37892,645
37892,91
37893,25
37894,25
37895,123
37896,123
37897,581
37898,123
37899,67
37900,123
37901,123
37902,123
37903,29
37904,203
37905,123
37921,91
37953,636
37955,25
37961,293
37964,347
37973,645
37973,91
37996,28
37997,28
38000,721
38010,31
38012,645
38012,91
38045,357
38052,49
38053,49
38055,49
38056,49
38057,49
38058,49
38059,49
38060,49
38063,123
38064,49
38077,429
38094,606
38096,25
38097,27
38102,368
38105,620
38106,620
38107,695
38107,701
38115,307
38116,692
38117,692
38118,626
38119,626
38120,626
38121,653
38122,653
38129,29
38130,371
38131,692
38132,293
38134,723
38135,723
38137,723
38138,723
38139,723
38140,723
38141,723
38142,215
38144,723
38145,723
38147,723
38149,723
38150,723
38162,49
38171,192
38172,91
38192,350
38193,31
38194,31
38195,350
38196,206
38197,725
38198,725
38200,390
38223,316
38224,316
38225,49
38239,126
38241,49
38248,266
38251,352
38255,728
38263,372
38264,361
38267,372
38268,372
38270,372
38272,2
38274,372
38275,372
38283,372
38284,372
38286,372
38290,372
38292,372
38293,372
38294,372
38295,372
38296,372
38297,372
38298,372
38299,118
38300,118
38300,295
38300,352
38302,118
38304,372
38306,372
38307,372
38308,372
38309,372
38310,372
38316,413
38333,118
38333,295
38343,214
38344,214
38345,214
38346,214
38347,214
38348,214
38349,214
38350,214
38384,107
38386,125
38387,125
38388,15
38391,70
38392,632
38393,632
38394,25
38396,160
38406,91
38410,720
38420,720
38424,735
38425,32
38426,145
38428,415
38428,783
38429,25
38430,28
38432,297
38434,720
38435,43
38436,118
38436,295
38437,676
38440,160
38441,91
38442,699
38443,746
38445,25
38445,147
38446,537
38448,316
38449,30
38451,3
38452,704
38455,653
38456,653
38457,653
38458,653
38459,653
38463,145
38465,653
38466,653
38467,653
38468,653
38469,653
38470,536
38472,3
38473,281
38474,653
38475,256
38476,653
38478,113
38479,113
38480,609
38483,49
38487,160
38499,712
38503,646
38504,300
38505,447
38506,160
38512,3
38516,2
38516,168
38573,146
38576,727
38577,266
38578,266
38579,266
38580,727
38581,266
38582,266
38583,266
38584,729
38585,266
38586,729
38587,266
38588,729
38589,266
38590,728
38591,728
38592,727
38593,728
38594,729
38595,727
38598,97
38599,97
38600,97
38601,97
38603,187
38608,118
38609,118
38610,118
38611,118
38612,118
38613,118
38622,73
38624,298
38625,298
38641,14
38642,14
38643,14
38644,14
38646,266
38667,653
38668,653
38737,680
38738,722
38740,295
38743,438
38745,28
38746,569
38747,3
38749,636
38755,375
38760,606
38771,722
38779,653
38808,27
38830,211
38831,796
38831,215
38831,554
38841,653
38842,653
38854,749
38855,101
38856,149
38856,101
38857,101
38859,101
38860,749
38861,749
38862,76
38863,749
38864,441
38867,144
38870,144
38872,144
38874,234
38877,118
38878,118
38879,118
38880,118
38881,118
38882,118
38883,455
38884,91
38887,52
38888,270
38889,118
38889,295
38890,118
38890,295
38891,295
38892,270
38915,608
38930,645
38931,100
38932,266
38933,266
38934,728
38935,266
38938,408
38944,270
38947,645
38947,91
38953,752
38958,76
38959,76
38960,76
38961,76
38962,76
38963,76
38964,76
38965,76
38971,437
38972,437
38973,437
38974,606
38976,215
38977,645
38978,118
38978,295
38979,645
38979,91
39013,755
39015,673
39031,653
39032,756
39033,756
39044,134
39051,307
39055,455
39056,455
39058,455
39059,455
39060,455
39062,444
39065,645
39066,645
39076,91
39080,67
39081,695
39081,701
39082,606
39089,174
39092,679
39096,40
39097,40
39098,40
39099,40
39111,150
39112,692
39113,3
39122,437
39128,437
39134,49
39135,49
39153,94
39163,214
39164,214
39166,214
39167,214
39171,114
39179,49
39180,297
39180,82
39180,33
39183,5
39191,564
39192,564
39195,300
39207,606
39208,701
39209,701
39210,25
39211,3
39222,701
39224,759
39225,759
39226,759
39231,759
39232,645
39235,124
39240,645
39240,91
39241,645
39241,91
39242,645
39242,91
39243,645
39243,91
39244,645
39244,91
39245,645
39245,91
39246,645
39246,91
39247,645
39247,91
39248,645
39248,91
39249,645
39249,91
39250,645
39250,91
39251,645
39251,91
39252,645
39252,91
39253,645
39253,91
39254,645
39254,91
39255,645
39255,91
39259,653
39262,645
39269,295
39283,437
39299,61
39300,532
39303,757
39304,748
39306,692
39307,692
39310,763
39310,692
39314,124
39320,118
39321,667
39322,667
39323,667
39324,667
39325,667
39326,667
39348,764
39350,764
39352,441
39353,441
39354,83
39356,472
39357,472
39358,92
39361,58
39365,58
39368,307
39376,160
39385,766
39391,767
39392,92
39396,92
39412,92
39421,92
39423,92
39425,761
39426,188
39432,134
39439,720
39440,82
39440,33
39441,309
39443,309
39444,309
39456,800
39463,307
39464,198
39465,198
39466,198
39467,198
39468,198
39469,198
39470,198
39471,198
39472,198
39473,198
39474,198
39475,198
39476,198
39477,198
39478,198
39479,198
39480,198
39481,198
39482,198
39483,198
39484,198
39485,198
39486,197
39487,197
39488,197
39489,197
39490,197
39491,197
39492,197
39493,197
39494,197
39495,197
39496,197
39497,197
39498,197
39499,197
39500,197
39501,197
39502,197
39503,197
39504,197
39505,197
39506,197
39507,197
39508,197
39516,557
39517,645
39518,748
39518,761
39519,25
39519,91
39519,761
39520,761
39522,761
39541,361
39544,28
39554,485
39555,770
39561,189
39562,189
39566,258
39566,259
39567,519
39570,375
39626,91
39630,118
39631,118
39632,773
39635,771
39661,774
39662,775
39687,379
39690,43
39692,352
39693,653
39695,91
39695,761
39702,690
39712,25
39713,40
39714,653
39721,375
39722,375
39741,27
39758,522
39759,46
39759,522
39761,46
39761,522
39762,46
39762,522
39763,46
39763,533
39786,270
39789,378
39790,92
39791,92
39792,776
39793,776
39794,776
39795,776
39798,453
39799,453
39800,453
39801,453
39804,509
39806,453
39807,453
39809,453
39810,453
39812,509
39813,509
39816,453
39822,15
39840,160
39841,777
39842,25
39842,91
39842,761
39843,645
39844,771
39847,91
39848,91
39849,118
39850,118
39851,118
39852,118
39853,118
39854,118
39855,118
39856,118
39857,118
39858,118
39859,606
39860,761
39864,778
39865,778
39869,711
39870,553
39871,553
39872,553
39880,695
39880,701
39881,160
39884,553
39885,553
39886,553
39887,553
39891,214
39892,214
39893,214
39894,214
39896,36
39902,25
39917,160
39954,123
39956,25
39972,3
39975,653
39996,209
40018,17
40019,760
40024,352
40030,649
40031,649
40033,217
40037,217
40038,649
40039,649
40040,649
40041,649
40042,649
40046,160
40085,649
40087,91
40089,569
40092,25
40093,120
40095,237
40097,91
40104,266
40105,266
40106,266
40107,266
40108,266
40109,266
40110,266
40111,266
40112,266
40113,266
40114,266
40115,266
40116,266
40117,266
40118,266
40119,266
40120,266
40122,692
40124,371
40125,759
40127,673
40130,16
40131,16
40133,760
40136,158
40137,158
40138,158
40139,158
40141,125
40142,125
40143,369
40150,690
40151,690
40156,370
40158,160
40159,279
40163,756
40164,653
40165,653
40171,118
40171,295
40172,653
40174,215
40175,662
40176,147
40177,147
40178,147
40179,147
40180,147
40181,147
40182,147
40183,147
40184,147
40185,147
40186,147
40187,147
40188,147
40189,147
40190,147
40191,147
40192,147
40193,147
40194,147
40276,118
40276,295
40277,782
40287,25
40287,91
40288,761
40289,761
40290,91
40291,759
40292,782
40294,46
40294,522
40295,46
40295,522
40296,46
40296,522
40297,49
40309,785
40310,156
40319,653
40335,295
40336,295
40337,295
40338,295
40339,295
40340,295
40360,369
40367,771
40368,147
40369,25
40372,49
40374,645
40379,786
40381,307
40388,145
40389,371
40391,162
40393,300
40394,371
40398,317
40401,298
40402,297
40409,28
40411,49
40412,316
40414,301
40416,158
40417,148
40418,30
40419,787
40420,787
40422,787
40423,160
40424,160
40428,764
40429,14
40434,788
40435,788
40437,160
40438,270
40455,437
40456,25
40464,307
40465,29
40466,18
40467,18
40468,18
40469,254
40470,91
40471,307
40474,97
40476,404
40478,232
40479,232
40483,614
40485,187
40486,187
40496,3
40503,160
40513,91
40515,91
40517,645
40529,151
40546,3
40547,653
40552,645
40554,49
40555,49
40557,636
40567,80
40567,3
40568,790
40584,3
40584,437
40585,437
40586,3
40586,437
40587,3
40588,56
40589,56
40590,56
40591,56
40598,502
40598,134
40598,23
40601,123
40603,628
40605,628
40607,628
40608,628
40620,160
40621,160
40635,531
40636,200
40645,692
40657,637
40658,637
40659,441
40660,692
40661,637
40668,49
40674,91
40683,695
40683,701
40684,7
40694,91
40695,91
40697,160
40698,160
40699,160
40700,160
40704,145
40709,255
40720,761
40721,160
40722,25
40723,158
40729,782
40730,673
40732,5
40733,118
40733,295
40734,589
40735,782
40748,178
40751,146
40752,146
40753,146
40756,92
40757,92
40760,49
40761,49
40762,49
40768,764
40769,764
40770,764
40771,764
40772,764
40773,375
40792,653
40794,606
40802,37
40806,37
40807,37
40808,37
40809,307
40810,307
40838,109
40867,748
40869,28
40870,118
40870,295
40874,797
40875,792
40876,795
40877,795
40889,226
40890,160
40892,231
40893,185
40893,160
40894,119
40899,114
40902,28
40905,49
40908,21
40910,49
40916,14
40917,14
40918,22
40928,798
40930,720
40931,620
40931,92
40941,28
40954,7
40955,214
40958,472
40959,472
40960,22
40961,22
40962,800
40963,692
40963,757
40964,692
40964,757
40970,692
40970,97
40971,692
40971,610
40973,361
40982,140
40983,214
40984,14
40989,60
40992,21
40997,761
40998,118
40998,295
40999,47
41003,761
41006,801
41007,801
41008,801
41013,91
41021,830
41025,317
41026,761
41062,49
41069,653
41070,270
41108,3
41111,60
41112,21
41113,160
41116,346
41119,36
41120,36
41121,28
41129,160
41133,757
41134,317
41135,317
41136,317
41139,318
41147,680
41183,519
41186,92
41188,92
41190,25
41196,87
41200,15
41201,15
41202,15
41203,15
41205,15
41228,214
41231,771
41232,726
41233,763
41234,103
41235,726
41238,726
41239,726
41240,726
41243,726
41244,789
41249,446
41250,653
41252,272
41258,160
41276,389
41281,10
41284,653
41285,786
41286,653
41296,160
41296,692
41296,49
41296,762
41301,160
41307,692
41307,49
41307,762
41315,775
41316,592
41317,87
41317,111
41323,592
41328,233
41329,233
41330,233
41331,233
41332,233
41333,233
41334,233
41335,233
41336,233
41337,233
41338,233
41339,233
41342,91
41342,748
41343,25
41343,761
41345,160
41380,761
41381,91
41382,160
41383,160
41384,25
41384,761
41385,25
41386,645
41388,761
41389,346
41390,553
41391,553
41394,645
41401,3
41403,137
41406,147
41419,426
41420,145
41420,26
41422,148
41425,426
41426,426
41427,426
41428,426
41429,426
41430,426
41431,426
41432,426
41433,426
41434,426
41435,426
41436,426
41437,426
41442,813
41443,813
41445,653
41446,653
41449,869
41454,374
41455,374
41456,374
41457,374
41459,374
41460,374
41461,374
41462,374
41463,374
41464,374
41465,374
41466,126
41467,126
41470,374
41471,374
41472,160
41472,814
41473,160
41473,814
41474,160
41475,814
41476,67
41477,45
41478,366
41479,366
41480,373
41480,374
41481,21
41482,366
41483,366
41484,366
41485,366
41486,366
41487,366
41488,366
41489,366
41490,366
41491,366
41492,366
41493,366
41494,532
41495,532
41496,532
41497,532
41498,532
41499,532
41500,532
41501,532
41502,532
41503,45
41504,45
41505,45
41506,67
41510,45
41511,45
41512,360
41515,360
41516,360
41517,360
41518,360
41519,360
41520,360
41521,360
41522,360
41523,360
41524,360
41525,360
41526,360
41527,360
41528,360
41529,360
41530,360
41531,360
41532,360
41533,360
41534,126
41535,126
41536,126
41537,126
41538,126
41539,126
41540,126
41541,126
41542,126
41543,817
41544,818
41544,764
41547,818
41549,160
41550,645
41555,818
41555,764
41557,818
41571,819
41575,233
41576,233
41577,233
41588,761
41596,653
41597,426
41598,426
41599,60
41600,653
41613,160
41614,160
41615,160
41616,160
41617,160
41630,279
41632,279
41635,645
41640,199
41642,199
41643,121
41644,121
41645,121
41646,199
41647,121
41648,2
41653,336
41656,184
41658,549
41664,781
41667,426
41668,426
41676,338
41679,339
41707,820
41710,680
41711,408
41711,642
41712,320
41712,27
41712,31
41714,27
41715,570
41716,3
41718,571
41719,487
41755,761
41756,202
41760,653
41768,762
41781,761
41782,655
41783,426
41784,426
41787,91
41827,761
41828,25
41858,233
41859,233
41861,160
41862,25
41863,160
41864,160
41865,160
41867,310
41868,162
41870,735
41871,131
41875,25
41876,25
41877,160
41878,158
41878,2
41879,371
41880,33
41881,25
41882,238
41883,145
41883,26
41884,158
41884,2
41886,160
41888,777
41891,823
41892,823
41896,735
41898,145
41899,158
41902,92
41905,1
41906,301
41907,405
41908,5
41909,348
41909,67
41910,147
41914,158
41915,145
41916,588
41916,160
41916,572
41917,588
41917,160
41917,572
41918,824
41920,310
41923,746
41924,653
41925,80
41925,3
41926,402
41931,745
41934,798
41961,160
41961,748
41962,160
41962,748
41963,266
41965,692
41967,160
41968,160
41985,392
41987,160
42003,798
42004,160
42005,653
42007,39
42016,320
42017,320
42018,27
42033,379
42034,379
42036,379
42041,160
42043,3
42043,36
42044,145
42046,3
42046,36
42047,176
42049,826
42050,826
42051,826
42052,826
42053,826
42054,826
42055,233
42069,419
42075,215
42078,782
42079,782
42080,295
42084,362
42105,437
42121,110
42122,110
42123,110
42124,617
42125,91
42126,160
42127,414
42128,12
42132,414
42133,414
42134,110
42137,745
42138,16
42141,233
42142,233
42156,645
42157,571
42166,39
42167,39
42171,320
42172,92
42176,499
42177,818
42178,658
42179,658
42180,658
42185,827
42187,828
42189,233
42190,389
42191,389
42192,389
42193,389
42194,389
42195,389
42196,389
42197,389
42198,389
42199,569
42200,389
42201,389
42202,389
42204,256
42205,25
42205,204
42207,246
42211,147
42212,673
42215,246
42216,118
42217,653
42219,371
42221,658
42222,658
42223,658
42227,160
42229,606
42280,408
42282,391
42285,140
42289,25
42290,374
42291,25
42292,7
42302,49
42303,91
42304,324
42305,324
42308,240
42311,41
42314,592
42315,592
42316,592
42317,592
42318,592
42319,592
42320,592
42321,592
42322,592
42323,592
42324,592
42325,592
42326,592
42327,592
42328,592
42329,592
42349,800
42349,757
42349,28
42350,800
42354,160
42355,606
42363,25
42364,25
42365,798
42370,628
42370,67
42371,798
42372,798
42373,628
42374,325
42379,761
42380,113
42380,23
42381,233
42386,91
42387,91
42388,91
42389,91
42390,91
42391,91
42392,91
42393,91
42394,91
42395,91
42396,91
42397,91
42398,91
42399,91
42407,31
42411,307
42411,763
42412,307
42412,763
42415,307
42415,763
42422,830
42426,395
42430,830
42449,158
42450,309
42451,770
42452,770
42453,770
42454,309
42455,309
42456,1
42464,800
42470,215
42472,761
42478,233
42479,233
42480,231
42483,233
42484,671
42485,671
42486,671
42493,831
42495,339
42496,250
42498,212
42505,212
42506,43
42510,43
42511,43
42512,43
42513,43
42514,43
42515,43
42516,43
42522,835
42523,835
42524,835
42525,835
42526,835
42533,124
42534,92
42539,233
42542,524
42554,160
42555,190
42560,147
42561,704
42563,25
42576,160
42588,147
42589,761
42611,5
42636,800
42637,408
42668,279
42700,419
42717,419
42718,419
42719,419
42720,419
42721,419
42722,419
42723,419
42724,419
42725,419
42726,419
42729,158
42738,727
42751,263
42781,147
42782,170
42783,839
42788,28
42789,28
42790,28
42813,551
42818,840
42840,379
42841,842
42842,620
42849,119
42850,119
42851,119
42852,119
42853,119
42854,119
42855,119
42856,119
42857,119
42858,119
42859,119
42860,119
42861,119
42862,119
42863,119
42864,119
42865,119
42866,119
42867,119
42868,119
42869,119
42870,119
42871,119
42872,119
42873,119
42874,119
42875,119
42876,119
42877,119
42878,119
42879,119
42880,119
42881,119
42882,119
42883,431
42884,431
42885,431
42891,125
42895,829
42902,22
42904,844
42905,295
42906,551
42907,551
42908,551
42909,551
42911,551
42914,551
42915,551
42916,452
42917,60
42930,160
42930,774
42931,160
42931,774
42935,361
42936,361
42937,361
42938,361
42939,361
42940,361
42958,825
42959,846
42960,30
42974,233
42975,27
42993,84
42997,787
43002,118
43003,761
43005,161
43005,100
43006,800
43008,749
43009,786
43010,537
43011,113
43012,158
43015,3
43016,310
43017,675
43018,160
43018,814
43019,785
43020,118
43020,295
43023,118
43023,782
43025,785
43026,67
43027,777
43028,653
43029,160
43029,692
43036,385
43036,384
43048,830
43050,800
43051,4
43054,592
43057,645
43062,120
43068,850
43068,145
43069,270
43070,270
43071,850
43072,850
43073,850
43076,593
43082,761
43083,761
43084,499
43086,761
43089,777
43091,761
43111,1
43127,471
43131,851
43132,281
43145,569
43148,3
43149,123
43155,646
43156,2
43157,218
43158,28
43161,605
43162,263
43163,263
43164,263
43167,653
43177,91
43186,91
43187,91
43200,91
43209,3
43210,197
43214,320
43215,160
43219,680
43220,158
43221,541
43241,569
43246,818
43250,798
43254,25
43284,83
43284,542
43285,3
43287,764
43288,419
43292,233
43293,233
43294,233
43295,233
43296,233
43297,233
43298,233
43299,233
43300,233
43301,233
43302,233
43303,233
43304,233
43305,233
43306,233
43307,233
43308,233
43309,233
43310,233
43311,233
43312,233
43313,233
43314,233
43315,131
43331,694
43333,39
43333,375
43334,39
43335,375
43338,160
43355,314
43357,167
43358,167
43359,415
43361,167
43362,167
43366,452
43366,192
43367,15
43368,314
43369,314
43371,314
43373,452
43375,732
43376,255
43377,156
43378,578
43388,285
43389,761
43414,91
43415,91
43416,91
43417,436
43419,853
43423,800
43423,757
43424,800
43424,757
43424,371
43425,829
43426,761
43427,761
43433,3
43447,577
43450,374
43464,836
43467,441
43468,764
43471,91
43477,99
43478,99
43479,99
43480,99
43481,40
43482,40
43483,40
43492,160
43492,814
43493,160
43493,814
43494,160
43494,814
43495,160
43495,814
43496,160
43496,814
43497,160
43497,814
43498,160
43498,814
43499,160
43499,814
43500,158
43500,160
43500,814
43502,471
43508,290
43509,775
43511,798
43514,145
43516,160
43524,160
43524,814
43525,160
43525,814
43529,846
43530,692
43531,160
43531,692
43539,40
43540,800
43541,832
43559,60
43562,25
43567,694
43582,200
43583,319
43591,395
43592,857
43593,854
43594,858
43595,172
43596,391
43597,798
43613,160
43613,814
43614,160
43616,692
43617,692
43618,159
43619,83
43643,645
43645,25
43655,537
43656,91
43660,814
43720,241
43727,99
43732,798
43737,38
43753,653
43757,762
43758,233
43759,692
43759,343
43760,160
43760,692
43761,160
43761,692
43762,160
43762,692
43763,233
43767,5
43768,38
43808,471
43822,841
43823,841
43824,841
43825,841
43826,841
43827,442
43829,841
43830,841
43831,841
43832,442
43834,800
43837,771
43842,357
43843,357
43844,836
43845,27
43852,849
43854,298
43855,836
43867,347
43868,233
43872,605
43886,814
43899,151
43906,298
43908,160
43908,692
43912,158
43913,3
43914,148
43915,777
43916,632
43917,1
43918,846
43919,405
43922,30
43926,49
43929,68
43931,68
43932,160
43935,33
43940,160
43940,814
43941,158
43941,160
43941,692
43941,814
43942,160
43942,814
43944,863
43948,314
43952,307
43953,307
43956,307
44014,761
44017,28
44023,160
44023,2
44023,814
44024,158
44029,151
44048,798
44050,508
44057,761
44069,522
44072,151
44081,569
44081,868
44103,160
44123,869
44124,869
44124,871
44124,870
44125,870
44126,869
44127,869
44128,710
44129,872
44130,872
44131,872
44132,872
44138,774
44140,290
44141,104
44145,873
44146,873
44147,873
44148,873
44153,849
44167,442
44168,764
44183,592
44184,592
44185,841
44186,653
44190,763
44191,692
44193,730
44195,761
44209,160
44209,692
44210,160
44211,692
44213,692
44214,40
44215,120
44216,40
44217,40
44219,120
44219,94
44221,378
44222,617
44223,40
44225,120
44225,94
44226,25
44227,374
44238,818
44239,25
44241,40
44242,40
44243,40
44244,40
44245,40
44247,40
44248,40
44249,83
44253,40
44257,160
44257,2
44257,814
44258,818
44260,160
44278,496
44281,160
44282,692
44283,692
44289,23
44341,3
44342,3
44343,424
44376,91
44377,40
44378,40
44379,40
44381,692
44382,40
44393,569
44396,49
44399,455
44402,877
44403,877
44414,782
44415,782
44423,375
44424,39
44424,375
44425,39
44426,39
44426,375
44427,39
44427,375
44436,849
44438,800
44438,757
44441,777
44442,52
44442,293
44442,695
44444,126
44445,126
44446,126
44447,126
44448,126
44449,126
44450,126
44451,126
44452,126
44453,126
44454,126
44455,126
44481,873
44482,873
44483,873
44484,605
44496,147
44501,786
44502,786
44503,786
44504,786
44505,786
44512,261
44527,878
44531,569
44553,540
44553,89
44553,3
44554,880
44555,880
44556,880
44573,156
44574,156
44576,156
44578,429
44578,881
44581,885
44582,882
44584,884
44586,568
44590,314
44644,761
44645,298
44647,370
44648,370
44649,761
44650,761
44651,633
44653,761
44655,746
44664,692
44666,692
44667,529
44671,3
44674,761
44675,214
44676,214
44677,761
44701,761
44703,361
44705,361
44706,395
44707,887
44708,887
44709,887
44710,887
44711,887
44712,887
44713,887
44714,887
44715,887
44716,887
44717,887
44718,887
44720,22
44721,387
44728,653
44729,653
44730,849
44731,849
44764,761
44770,836
44771,761
44773,840
44787,117
44788,499
44789,123
44790,385
44790,384
44791,385
44791,384
44792,256
44793,846
44800,481
44802,113
44802,814
44805,158
44806,123
44806,437
44811,787
44818,202
44826,787
44828,787
44852,352
44853,352
44854,352
44855,167
44856,314
44857,352
44857,821
44859,314
44865,314
44866,26
44871,314
44874,91
44910,661
44915,3
44916,3
44976,307
44992,158
44992,160
44997,91
44998,91
45001,215
